keyword,volume,cpc,competition,difficulty,intent,service,town,source_themes,measured_at,source,unmeasured_reason
window cleaning,40500,7.58,0.46,40,commercial,residential window cleaning,,"commercial-window,western-suburbs",2026-09-20T22:22:55.490Z,Unfairly DataForSEO connector,
window cleaning services,22200,8.01,0.09,31,commercial,residential window cleaning,,"residential-window,western-suburbs",2026-09-20T22:22:55.490Z,Unfairly DataForSEO connector,
house pressure washing,9900,12.01,0.97,7,commercial,pressure washing,,"residential-window,western-suburbs",2026-09-20T22:22:55.490Z,Unfairly DataForSEO connector,
window cleaning services near me,8100,8.45,0.19,17,commercial,residential window cleaning,,residential-window,2026-09-20T22:22:55.490Z,Unfairly DataForSEO connector,
pink's window cleaning,6600,7.33,0.36,11,informational,residential window cleaning,,"residential-window,western-suburbs",2026-09-20T22:22:55.490Z,Unfairly DataForSEO connector,
residential window cleaning,6600,12.16,0.44,31,commercial,residential window cleaning,,western-suburbs,2026-09-20T22:22:55.490Z,Unfairly DataForSEO connector,
professional window cleaning,5400,9.77,0.52,19,commercial,residential window cleaning,,residential-window,2026-09-20T22:22:55.490Z,Unfairly DataForSEO connector,
gutter cleaning service near me,5400,13.99,0.4,10,commercial,gutter cleaning,,residential-window,2026-09-20T22:22:55.490Z,Unfairly DataForSEO connector,
exterior window cleaning,3600,4.52,0.85,3,commercial,residential window cleaning,,"commercial-window,western-suburbs",2026-09-20T22:22:55.490Z,Unfairly DataForSEO connector,
window cleaning companies near me,2900,6.2,0.69,37,commercial,residential window cleaning,,residential-window,2026-09-20T22:22:55.490Z,Unfairly DataForSEO connector,
clearview window cleaning,2900,8.53,0.29,0,informational,residential window cleaning,,"residential-window,commercial-window,western-suburbs",2026-09-20T22:22:55.490Z,Unfairly DataForSEO connector,
window cleaner near me,2900,7.41,0.29,19,commercial,residential window cleaning,,residential-window,2026-09-20T22:22:55.490Z,Unfairly DataForSEO connector,
perfect power wash,2900,9.84,0.36,0,informational,pressure washing,,adjacent-services,2026-09-20T22:22:55.490Z,Unfairly DataForSEO connector,
abc window cleaning,2400,4.69,0.57,12,informational,residential window cleaning,,"residential-window,western-suburbs",2026-09-20T22:22:55.490Z,Unfairly DataForSEO connector,
soft pressure washing,2400,5.44,1,7,informational,pressure washing,,adjacent-services,2026-09-20T22:22:55.490Z,Unfairly DataForSEO connector,
glide window cleaning,1900,9.46,0.16,0,informational,residential window cleaning,,"residential-window,commercial-window",2026-09-20T22:22:55.490Z,Unfairly DataForSEO connector,
residential window cleaning service,1600,8.91,0.18,8,commercial,residential window cleaning,,"residential-window,western-suburbs",2026-09-20T22:22:55.490Z,Unfairly DataForSEO connector,
high rise window cleaning,1600,5.55,0.5,0,informational,residential window cleaning,,"residential-window,western-suburbs",2026-09-20T22:22:55.490Z,Unfairly DataForSEO connector,
shine window cleaning,1600,8.63,0.47,1,informational,residential window cleaning,,"residential-window,commercial-window,western-suburbs",2026-09-20T22:22:55.490Z,Unfairly DataForSEO connector,
professional window cleaning services,1600,0.57,0.07,37,commercial,residential window cleaning,,"residential-window,western-suburbs",2026-09-20T22:22:55.490Z,Unfairly DataForSEO connector,
crystal clear window cleaning,1600,8.53,0.32,0,informational,residential window cleaning,,"residential-window,commercial-window,western-suburbs",2026-09-20T22:22:55.490Z,Unfairly DataForSEO connector,
mint window cleaning,1300,2.85,0.36,0,informational,residential window cleaning,,"residential-window,western-suburbs",2026-09-20T22:22:55.490Z,Unfairly DataForSEO connector,
unger window cleaning,1300,3.04,1,6,informational,residential window cleaning,,"residential-window,commercial-window,western-suburbs",2026-09-20T22:22:55.490Z,Unfairly DataForSEO connector,
bubbles window washing,1300,6.23,0.53,5,informational,residential window cleaning,,"residential-window,commercial-window",2026-09-20T22:22:55.490Z,Unfairly DataForSEO connector,
streak free window cleaner,1300,0.44,0.99,4,informational,residential window cleaning,,commercial-window,2026-09-20T22:22:55.490Z,Unfairly DataForSEO connector,
confession window cleaner,1300,,0,9,informational,residential window cleaning,,commercial-window,2026-09-20T22:22:55.490Z,Unfairly DataForSEO connector,
power wash cleaner,1300,2.62,0.95,2,informational,pressure washing,,adjacent-services,2026-09-20T22:22:55.490Z,Unfairly DataForSEO connector,
bend window cleaning,1000,11.91,0.62,0,informational,residential window cleaning,,commercial-window,2026-09-20T22:22:55.490Z,Unfairly DataForSEO connector,
all clean power washing,1000,4.4,0.38,5,informational,pressure washing,,adjacent-services,2026-09-20T22:22:55.490Z,Unfairly DataForSEO connector,
rolling suds power washing,1000,7.79,0.3,2,informational,pressure washing,,adjacent-services,2026-09-20T22:22:55.490Z,Unfairly DataForSEO connector,
clear wash window cleaning,880,3.88,0.2,1,informational,residential window cleaning,,"residential-window,commercial-window",2026-09-20T22:22:55.490Z,Unfairly DataForSEO connector,
central window cleaning,880,5.57,0.15,4,informational,residential window cleaning,,commercial-window,2026-09-20T22:22:55.490Z,Unfairly DataForSEO connector,
pressure washer tip chart,880,0.15,0.54,1,informational,pressure washing,,adjacent-services,2026-09-20T22:22:55.490Z,Unfairly DataForSEO connector,
reach window cleaning,720,1.5,0.55,0,informational,residential window cleaning,,commercial-window,2026-09-20T22:22:55.490Z,Unfairly DataForSEO connector,
streak free window cleaning,720,1,0.72,0,informational,residential window cleaning,,commercial-window,2026-09-20T22:22:55.490Z,Unfairly DataForSEO connector,
vinyl window cleaner,720,0.74,0.96,0,informational,residential window cleaning,,commercial-window,2026-09-20T22:22:55.490Z,Unfairly DataForSEO connector,
windows and gutter cleaning,720,7.25,0.9,14,informational,gutter cleaning,,commercial-window,2026-09-20T22:22:55.490Z,Unfairly DataForSEO connector,
squeaky clean window washing,590,6.05,0.57,0,informational,residential window cleaning,,commercial-window,2026-09-20T22:22:55.490Z,Unfairly DataForSEO connector,
natural window cleaner,590,2.05,0.64,1,informational,residential window cleaning,,commercial-window,2026-09-20T22:22:55.490Z,Unfairly DataForSEO connector,
clear choice window cleaning,590,11.96,0.19,0,informational,residential window cleaning,,commercial-window,2026-09-20T22:22:55.490Z,Unfairly DataForSEO connector,
sparkle window cleaning,590,8.93,0.46,11,informational,residential window cleaning,,commercial-window,2026-09-20T22:22:55.490Z,Unfairly DataForSEO connector,
sparkler window cleaning,590,8.93,0.46,5,informational,residential window cleaning,,commercial-window,2026-09-20T22:22:55.490Z,Unfairly DataForSEO connector,
sparkly window cleaning,590,8.93,0.46,0,informational,residential window cleaning,,commercial-window,2026-09-20T22:22:55.490Z,Unfairly DataForSEO connector,
professional power washing services,590,20.81,0.15,0,commercial,pressure washing,,adjacent-services,2026-09-20T22:22:55.490Z,Unfairly DataForSEO connector,
power washing roof cleaning,590,13.88,0.85,7,informational,pressure washing,,adjacent-services,2026-09-20T22:22:55.490Z,Unfairly DataForSEO connector,
spotless window cleaning,480,10.37,0.69,0,informational,residential window cleaning,,commercial-window,2026-09-20T22:22:55.490Z,Unfairly DataForSEO connector,
clear vision window cleaning,480,5.76,0.56,0,informational,residential window cleaning,,commercial-window,2026-09-20T22:22:55.490Z,Unfairly DataForSEO connector,
what do professional window washers use to clean windows,480,1.53,0.85,0,commercial,residential window cleaning,,commercial-window,2026-09-20T22:22:55.490Z,Unfairly DataForSEO connector,
diamond window cleaning,480,7.19,0.2,0,informational,residential window cleaning,,commercial-window,2026-09-20T22:22:55.490Z,Unfairly DataForSEO connector,
aps window and gutter cleaning,480,12.5,0.41,0,informational,gutter cleaning,,commercial-window,2026-09-20T22:22:55.490Z,Unfairly DataForSEO connector,
clean pro gutter cleaning,480,4.82,0.6,10,informational,gutter cleaning,,adjacent-services,2026-09-20T22:22:55.490Z,Unfairly DataForSEO connector,
under pressure power washing,480,7.49,0.33,8,informational,pressure washing,,adjacent-services,2026-09-20T22:22:55.490Z,Unfairly DataForSEO connector,
pristine window cleaning,390,12.52,0.21,0,informational,residential window cleaning,,commercial-window,2026-09-20T22:22:55.490Z,Unfairly DataForSEO connector,
superior window cleaning,390,9.39,0.22,4,informational,residential window cleaning,,commercial-window,2026-09-20T22:22:55.490Z,Unfairly DataForSEO connector,
prime time window cleaning,390,14.67,0.25,2,informational,residential window cleaning,,commercial-window,2026-09-20T22:22:55.490Z,Unfairly DataForSEO connector,
clean and clear window cleaning,390,5.66,0.33,2,informational,residential window cleaning,,commercial-window,2026-09-20T22:22:55.490Z,Unfairly DataForSEO connector,
reflections window cleaning,390,6.67,0.17,1,informational,residential window cleaning,,commercial-window,2026-09-20T22:22:55.490Z,Unfairly DataForSEO connector,
crystal window cleaning,390,4.1,0.75,7,informational,residential window cleaning,,commercial-window,2026-09-20T22:22:55.490Z,Unfairly DataForSEO connector,
alpine window cleaning,390,15.08,0.17,2,informational,residential window cleaning,,commercial-window,2026-09-20T22:22:55.490Z,Unfairly DataForSEO connector,
pink window washing,390,8.87,0.33,12,informational,residential window cleaning,,commercial-window,2026-09-20T22:22:55.490Z,Unfairly DataForSEO connector,
all clean pressure washing,390,1.9,0.19,8,informational,pressure washing,,adjacent-services,2026-09-20T22:22:55.490Z,Unfairly DataForSEO connector,
walmart window cleaner,390,0.13,1,0,informational,residential window cleaning,,local-commercial,2026-09-20T22:22:55.490Z,Unfairly DataForSEO connector,
shine on window cleaning,320,6.4,0.17,0,informational,residential window cleaning,,commercial-window,2026-09-20T22:22:55.490Z,Unfairly DataForSEO connector,
apex window cleaning,320,2.17,0.36,0,informational,residential window cleaning,,commercial-window,2026-09-20T22:22:55.490Z,Unfairly DataForSEO connector,
affordable window cleaning,320,9.31,0.35,0,informational,residential window cleaning,,commercial-window,2026-09-20T22:22:55.490Z,Unfairly DataForSEO connector,
better view window cleaning,320,8.89,0.13,0,informational,residential window cleaning,,commercial-window,2026-09-20T22:22:55.490Z,Unfairly DataForSEO connector,
squeaky clean pressure washing,320,12.41,0.32,0,informational,pressure washing,,adjacent-services,2026-09-20T22:22:55.490Z,Unfairly DataForSEO connector,
pressure washing videos,320,3.57,0.07,4,informational,pressure washing,,adjacent-services,2026-09-20T22:22:55.490Z,Unfairly DataForSEO connector,
clarity window cleaning,260,4.43,0.15,0,informational,residential window cleaning,,commercial-window,2026-09-20T22:22:55.490Z,Unfairly DataForSEO connector,
paneless window cleaning,260,12.11,0.23,0,informational,residential window cleaning,,commercial-window,2026-09-20T22:22:55.490Z,Unfairly DataForSEO connector,
ace window cleaning,260,11.44,0.51,3,informational,residential window cleaning,,commercial-window,2026-09-20T22:22:55.490Z,Unfairly DataForSEO connector,
30 seconds window cleaner,260,0.2,0.99,0,informational,residential window cleaning,,commercial-window,2026-09-20T22:22:55.490Z,Unfairly DataForSEO connector,
eco friendly window cleaner,260,0.78,0.11,0,informational,residential window cleaning,,commercial-window,2026-09-20T22:22:55.490Z,Unfairly DataForSEO connector,
advanced window cleaning,210,3.42,0.24,0,informational,residential window cleaning,,commercial-window,2026-09-20T22:22:55.490Z,Unfairly DataForSEO connector,
window washing rags,210,1.33,0.99,3,informational,residential window cleaning,,commercial-window,2026-09-20T22:22:55.490Z,Unfairly DataForSEO connector,
window cleaning devices,210,0.55,1,14,informational,residential window cleaning,,commercial-window,2026-09-20T22:22:55.490Z,Unfairly DataForSEO connector,
window cleaning wipes,170,0.71,1,0,informational,residential window cleaning,,commercial-window,2026-09-20T22:22:55.490Z,Unfairly DataForSEO connector,
rise and shine window cleaning,170,11.2,0.28,0,informational,residential window cleaning,,commercial-window,2026-09-20T22:22:55.490Z,Unfairly DataForSEO connector,
transparent window cleaning,170,0.01,0.1,0,informational,residential window cleaning,,commercial-window,2026-09-20T22:22:55.490Z,Unfairly DataForSEO connector,
window washing lifts,170,0.17,0.27,0,informational,residential window cleaning,,commercial-window,2026-09-20T22:22:55.490Z,Unfairly DataForSEO connector,
window cleaning pads,170,2.06,1,1,informational,residential window cleaning,,commercial-window,2026-09-20T22:22:55.490Z,Unfairly DataForSEO connector,
window cleaning quotes,170,13.68,0.69,0,commercial,residential window cleaning,,commercial-window,2026-09-20T22:22:55.490Z,Unfairly DataForSEO connector,
pressure washer cleaning services,170,18.35,0.85,4,commercial,pressure washing,,adjacent-services,2026-09-20T22:22:55.490Z,Unfairly DataForSEO connector,
pressure washing cleaning service,170,18.35,0.85,9,commercial,pressure washing,,adjacent-services,2026-09-20T22:22:55.490Z,Unfairly DataForSEO connector,
clean deck with pressure washer,170,0.59,1,0,informational,pressure washing,,adjacent-services,2026-09-20T22:22:55.490Z,Unfairly DataForSEO connector,
shine time window cleaning,140,4.88,0.37,2,informational,residential window cleaning,,commercial-window,2026-09-20T22:22:55.490Z,Unfairly DataForSEO connector,
window cleaning naics code,140,,0,2,informational,residential window cleaning,,commercial-window,2026-09-20T22:22:55.490Z,Unfairly DataForSEO connector,
radiance window cleaning,140,8.69,0.28,0,informational,residential window cleaning,,commercial-window,2026-09-20T22:22:55.490Z,Unfairly DataForSEO connector,
clean view window washing,140,7.17,0.29,0,informational,residential window cleaning,,commercial-window,2026-09-20T22:22:55.490Z,Unfairly DataForSEO connector,
power clean pressure washing,140,1.49,0.45,8,informational,pressure washing,,adjacent-services,2026-09-20T22:22:55.490Z,Unfairly DataForSEO connector,
streak free window clean glass cleaner,110,0.07,0.21,0,informational,residential window cleaning,,commercial-window,2026-09-20T22:22:55.490Z,Unfairly DataForSEO connector,
orange window cleaning,110,13.72,0.46,14,informational,residential window cleaning,,commercial-window,2026-09-20T22:22:55.490Z,Unfairly DataForSEO connector,
super shine window cleaning,110,,0.16,7,informational,residential window cleaning,,commercial-window,2026-09-20T22:22:55.490Z,Unfairly DataForSEO connector,
pressure washing windows,110,2.38,0.54,0,informational,pressure washing,,commercial-window,2026-09-20T22:22:55.490Z,Unfairly DataForSEO connector,
outdoor window cleaning pads,110,0.55,1,0,informational,residential window cleaning,,commercial-window,2026-09-20T22:22:55.490Z,Unfairly DataForSEO connector,
crystal clean window cleaner,110,4.26,0.48,1,informational,residential window cleaning,,commercial-window,2026-09-20T22:22:55.490Z,Unfairly DataForSEO connector,
crystal clean window cleaning,110,4.26,0.48,0,informational,residential window cleaning,,commercial-window,2026-09-20T22:22:55.490Z,Unfairly DataForSEO connector,
eco clean power washing,110,14.23,0.32,0,informational,pressure washing,,adjacent-services,2026-09-20T22:22:55.490Z,Unfairly DataForSEO connector,
window cleaning supply store,110,2.24,0.89,16,informational,residential window cleaning,,local-commercial,2026-09-20T22:22:55.490Z,Unfairly DataForSEO connector,
window washing contracts,90,4.29,0.43,0,informational,residential window cleaning,,commercial-window,2026-09-20T22:22:55.490Z,Unfairly DataForSEO connector,
angel window cleaning,90,14.88,0.13,6,informational,residential window cleaning,,commercial-window,2026-09-20T22:22:55.490Z,Unfairly DataForSEO connector,
shine brite window cleaning,90,,0.12,0,informational,residential window cleaning,,commercial-window,2026-09-20T22:22:55.490Z,Unfairly DataForSEO connector,
shine-brite window cleaning,90,,0.12,0,informational,residential window cleaning,,commercial-window,2026-09-20T22:22:55.490Z,Unfairly DataForSEO connector,
shine thru window cleaning,90,5.15,0.29,0,informational,residential window cleaning,,commercial-window,2026-09-20T22:22:55.490Z,Unfairly DataForSEO connector,
window washing davits,90,27.19,0.12,0,informational,residential window cleaning,,commercial-window,2026-09-20T22:22:55.490Z,Unfairly DataForSEO connector,
cleaner image window cleaning,90,16.12,0.4,0,informational,residential window cleaning,,commercial-window,2026-09-20T22:22:55.490Z,Unfairly DataForSEO connector,
window washing cda,90,13.26,0.5,0,informational,residential window cleaning,,commercial-window,2026-09-20T22:22:55.490Z,Unfairly DataForSEO connector,
mighty clean pressure washing,90,0.84,0.45,0,informational,pressure washing,,adjacent-services,2026-09-20T22:22:55.490Z,Unfairly DataForSEO connector,
clean freak pressure washing,90,4.97,0.1,0,informational,pressure washing,,adjacent-services,2026-09-20T22:22:55.490Z,Unfairly DataForSEO connector,
clean siding without pressure washer,90,0.41,1,3,informational,pressure washing,,adjacent-services,2026-09-20T22:22:55.490Z,Unfairly DataForSEO connector,
best window washing formula,70,0.15,0.33,17,informational,residential window cleaning,,commercial-window,2026-09-20T22:22:55.490Z,Unfairly DataForSEO connector,
window washing scrubber,70,0.56,1,0,informational,residential window cleaning,,commercial-window,2026-09-20T22:22:55.490Z,Unfairly DataForSEO connector,
everclean window cleaning,70,11.89,0.49,0,informational,residential window cleaning,,commercial-window,2026-09-20T22:22:55.490Z,Unfairly DataForSEO connector,
beaverton window cleaning,70,36.82,0.97,2,informational,residential window cleaning,,commercial-window,2026-09-20T22:22:55.490Z,Unfairly DataForSEO connector,
sure shine window cleaning,70,7.98,0.04,0,informational,residential window cleaning,,commercial-window,2026-09-20T22:22:55.490Z,Unfairly DataForSEO connector,
window cleaning hemet ca,50,16.34,0.71,0,informational,residential window cleaning,,local-commercial,2026-09-20T22:22:55.490Z,Unfairly DataForSEO connector,
clean home power washing reviews,40,5.57,0.05,5,informational,pressure washing,,adjacent-services,2026-09-20T22:22:55.490Z,Unfairly DataForSEO connector,
wellage window cleaning,30,7.08,0.44,0,informational,residential window cleaning,,commercial-window,2026-09-20T22:22:55.490Z,Unfairly DataForSEO connector,
suds window cleaning,30,8.25,0.17,0,informational,residential window cleaning,,commercial-window,2026-09-20T22:22:55.490Z,Unfairly DataForSEO connector,
sliding window cleaning,30,0.2,0.76,0,informational,residential window cleaning,,commercial-window,2026-09-20T22:22:55.490Z,Unfairly DataForSEO connector,
essential window cleaning,30,1.47,0.79,17,informational,residential window cleaning,,commercial-window,2026-09-20T22:22:55.490Z,Unfairly DataForSEO connector,
wills window cleaning,20,,0.06,47,informational,residential window cleaning,,commercial-window,2026-09-20T22:22:55.490Z,Unfairly DataForSEO connector,
trust window cleaning,10,19.91,0.19,50,informational,residential window cleaning,,commercial-window,2026-09-20T22:22:55.490Z,Unfairly DataForSEO connector,
hirange window cleaning,10,,0,,informational,residential window cleaning,,commercial-window,2026-09-20T22:22:55.490Z,Unfairly DataForSEO connector,
speed window cleaning,10,,0.43,,informational,residential window cleaning,,commercial-window,2026-09-20T22:22:55.490Z,Unfairly DataForSEO connector,
window washing,,,,,commercial,residential window cleaning,,seed-not-returned,2026-09-20T22:22:55.490Z,Unfairly DataForSEO connector,Seed was submitted but DataForSEO keyword_ideas returned no row.
window cleaning near me,,,,,commercial,residential window cleaning,,seed-not-returned,2026-09-20T22:22:55.490Z,Unfairly DataForSEO connector,Seed was submitted but DataForSEO keyword_ideas returned no row.
interior window cleaning,,,,,commercial,residential window cleaning,,seed-not-returned,2026-09-20T22:22:55.490Z,Unfairly DataForSEO connector,Seed was submitted but DataForSEO keyword_ideas returned no row.
house window cleaning,,,,,commercial,residential window cleaning,,seed-not-returned,2026-09-20T22:22:55.490Z,Unfairly DataForSEO connector,Seed was submitted but DataForSEO keyword_ideas returned no row.
professional window cleaners,,,,,commercial,residential window cleaning,,seed-not-returned,2026-09-20T22:22:55.490Z,Unfairly DataForSEO connector,Seed was submitted but DataForSEO keyword_ideas returned no row.
commercial window cleaning,,,,,commercial,commercial window cleaning,,seed-not-returned,2026-09-20T22:22:55.490Z,Unfairly DataForSEO connector,Seed was submitted but DataForSEO keyword_ideas returned no row.
storefront window cleaning,,,,,commercial,commercial window cleaning,,seed-not-returned,2026-09-20T22:22:55.490Z,Unfairly DataForSEO connector,Seed was submitted but DataForSEO keyword_ideas returned no row.
office window cleaning,,,,,commercial,commercial window cleaning,,seed-not-returned,2026-09-20T22:22:55.490Z,Unfairly DataForSEO connector,Seed was submitted but DataForSEO keyword_ideas returned no row.
restaurant window cleaning,,,,,commercial,commercial window cleaning,,seed-not-returned,2026-09-20T22:22:55.490Z,Unfairly DataForSEO connector,Seed was submitted but DataForSEO keyword_ideas returned no row.
retail window cleaning,,,,,commercial,commercial window cleaning,,seed-not-returned,2026-09-20T22:22:55.490Z,Unfairly DataForSEO connector,Seed was submitted but DataForSEO keyword_ideas returned no row.
recurring window cleaning service,,,,,commercial,residential window cleaning,,seed-not-returned,2026-09-20T22:22:55.490Z,Unfairly DataForSEO connector,Seed was submitted but DataForSEO keyword_ideas returned no row.
gutter cleaning,,,,,commercial,gutter cleaning,,seed-not-returned,2026-09-20T22:22:55.490Z,Unfairly DataForSEO connector,Seed was submitted but DataForSEO keyword_ideas returned no row.
gutter cleaning near me,,,,,commercial,gutter cleaning,,seed-not-returned,2026-09-20T22:22:55.490Z,Unfairly DataForSEO connector,Seed was submitted but DataForSEO keyword_ideas returned no row.
pressure washing,,,,,commercial,pressure washing,,seed-not-returned,2026-09-20T22:22:55.490Z,Unfairly DataForSEO connector,Seed was submitted but DataForSEO keyword_ideas returned no row.
pressure washing near me,,,,,commercial,pressure washing,,seed-not-returned,2026-09-20T22:22:55.490Z,Unfairly DataForSEO connector,Seed was submitted but DataForSEO keyword_ideas returned no row.
awning cleaning,,,,,commercial,awning cleaning,,seed-not-returned,2026-09-20T22:22:55.490Z,Unfairly DataForSEO connector,Seed was submitted but DataForSEO keyword_ideas returned no row.
exterior light fixture cleaning,,,,,commercial,exterior light fixtures,,seed-not-returned,2026-09-20T22:22:55.490Z,Unfairly DataForSEO connector,Seed was submitted but DataForSEO keyword_ideas returned no row.
ceiling fan cleaning,,,,,informational,ceiling fan cleaning,,seed-not-returned,2026-09-20T22:22:55.490Z,Unfairly DataForSEO connector,Seed was submitted but DataForSEO keyword_ideas returned no row.
window cleaning hinsdale,,,,,informational,residential window cleaning,hinsdale,seed-not-returned,2026-09-20T22:22:55.490Z,Unfairly DataForSEO connector,Seed was submitted but DataForSEO keyword_ideas returned no row.
window washing hinsdale,,,,,informational,residential window cleaning,hinsdale,seed-not-returned,2026-09-20T22:22:55.490Z,Unfairly DataForSEO connector,Seed was submitted but DataForSEO keyword_ideas returned no row.
gutter cleaning hinsdale,,,,,informational,gutter cleaning,hinsdale,seed-not-returned,2026-09-20T22:22:55.490Z,Unfairly DataForSEO connector,Seed was submitted but DataForSEO keyword_ideas returned no row.
window cleaning oak lawn,,,,,informational,residential window cleaning,oak lawn,seed-not-returned,2026-09-20T22:22:55.490Z,Unfairly DataForSEO connector,Seed was submitted but DataForSEO keyword_ideas returned no row.
window washing oak lawn,,,,,informational,residential window cleaning,oak lawn,seed-not-returned,2026-09-20T22:22:55.490Z,Unfairly DataForSEO connector,Seed was submitted but DataForSEO keyword_ideas returned no row.
gutter cleaning oak lawn,,,,,informational,gutter cleaning,oak lawn,seed-not-returned,2026-09-20T22:22:55.490Z,Unfairly DataForSEO connector,Seed was submitted but DataForSEO keyword_ideas returned no row.
window cleaning oak brook,,,,,informational,residential window cleaning,oak brook,seed-not-returned,2026-09-20T22:22:55.490Z,Unfairly DataForSEO connector,Seed was submitted but DataForSEO keyword_ideas returned no row.
window washing oak brook,,,,,informational,residential window cleaning,oak brook,seed-not-returned,2026-09-20T22:22:55.490Z,Unfairly DataForSEO connector,Seed was submitted but DataForSEO keyword_ideas returned no row.
gutter cleaning oak brook,,,,,informational,gutter cleaning,oak brook,seed-not-returned,2026-09-20T22:22:55.490Z,Unfairly DataForSEO connector,Seed was submitted but DataForSEO keyword_ideas returned no row.
window cleaning downers grove,,,,,informational,residential window cleaning,downers grove,seed-not-returned,2026-09-20T22:22:55.490Z,Unfairly DataForSEO connector,Seed was submitted but DataForSEO keyword_ideas returned no row.
window washing downers grove,,,,,informational,residential window cleaning,downers grove,seed-not-returned,2026-09-20T22:22:55.490Z,Unfairly DataForSEO connector,Seed was submitted but DataForSEO keyword_ideas returned no row.
gutter cleaning downers grove,,,,,informational,gutter cleaning,downers grove,seed-not-returned,2026-09-20T22:22:55.490Z,Unfairly DataForSEO connector,Seed was submitted but DataForSEO keyword_ideas returned no row.
window cleaning la grange,,,,,informational,residential window cleaning,la grange,seed-not-returned,2026-09-20T22:22:55.490Z,Unfairly DataForSEO connector,Seed was submitted but DataForSEO keyword_ideas returned no row.
window washing la grange,,,,,informational,residential window cleaning,la grange,seed-not-returned,2026-09-20T22:22:55.490Z,Unfairly DataForSEO connector,Seed was submitted but DataForSEO keyword_ideas returned no row.
gutter cleaning la grange,,,,,informational,gutter cleaning,la grange,seed-not-returned,2026-09-20T22:22:55.490Z,Unfairly DataForSEO connector,Seed was submitted but DataForSEO keyword_ideas returned no row.
window cleaning lagrange,,,,,informational,residential window cleaning,lagrange,seed-not-returned,2026-09-20T22:22:55.490Z,Unfairly DataForSEO connector,Seed was submitted but DataForSEO keyword_ideas returned no row.
window washing lagrange,,,,,informational,residential window cleaning,lagrange,seed-not-returned,2026-09-20T22:22:55.490Z,Unfairly DataForSEO connector,Seed was submitted but DataForSEO keyword_ideas returned no row.
gutter cleaning lagrange,,,,,informational,gutter cleaning,lagrange,seed-not-returned,2026-09-20T22:22:55.490Z,Unfairly DataForSEO connector,Seed was submitted but DataForSEO keyword_ideas returned no row.
window cleaning hickory hills,,,,,informational,residential window cleaning,hickory hills,seed-not-returned,2026-09-20T22:22:55.490Z,Unfairly DataForSEO connector,Seed was submitted but DataForSEO keyword_ideas returned no row.
window washing hickory hills,,,,,informational,residential window cleaning,hickory hills,seed-not-returned,2026-09-20T22:22:55.490Z,Unfairly DataForSEO connector,Seed was submitted but DataForSEO keyword_ideas returned no row.
gutter cleaning hickory hills,,,,,informational,gutter cleaning,hickory hills,seed-not-returned,2026-09-20T22:22:55.490Z,Unfairly DataForSEO connector,Seed was submitted but DataForSEO keyword_ideas returned no row.
window cleaning bridgeview,,,,,informational,residential window cleaning,bridgeview,seed-not-returned,2026-09-20T22:22:55.490Z,Unfairly DataForSEO connector,Seed was submitted but DataForSEO keyword_ideas returned no row.
window washing bridgeview,,,,,informational,residential window cleaning,bridgeview,seed-not-returned,2026-09-20T22:22:55.490Z,Unfairly DataForSEO connector,Seed was submitted but DataForSEO keyword_ideas returned no row.
gutter cleaning bridgeview,,,,,informational,gutter cleaning,bridgeview,seed-not-returned,2026-09-20T22:22:55.490Z,Unfairly DataForSEO connector,Seed was submitted but DataForSEO keyword_ideas returned no row.
window cleaning oak forest,,,,,informational,residential window cleaning,oak forest,seed-not-returned,2026-09-20T22:22:55.490Z,Unfairly DataForSEO connector,Seed was submitted but DataForSEO keyword_ideas returned no row.
window washing oak forest,,,,,informational,residential window cleaning,oak forest,seed-not-returned,2026-09-20T22:22:55.490Z,Unfairly DataForSEO connector,Seed was submitted but DataForSEO keyword_ideas returned no row.
gutter cleaning oak forest,,,,,informational,gutter cleaning,oak forest,seed-not-returned,2026-09-20T22:22:55.490Z,Unfairly DataForSEO connector,Seed was submitted but DataForSEO keyword_ideas returned no row.
window cleaning midlothian,,,,,informational,residential window cleaning,midlothian,seed-not-returned,2026-09-20T22:22:55.490Z,Unfairly DataForSEO connector,Seed was submitted but DataForSEO keyword_ideas returned no row.
window washing midlothian,,,,,informational,residential window cleaning,midlothian,seed-not-returned,2026-09-20T22:22:55.490Z,Unfairly DataForSEO connector,Seed was submitted but DataForSEO keyword_ideas returned no row.
gutter cleaning midlothian,,,,,informational,gutter cleaning,midlothian,seed-not-returned,2026-09-20T22:22:55.490Z,Unfairly DataForSEO connector,Seed was submitted but DataForSEO keyword_ideas returned no row.
window cleaning flossmoor,,,,,informational,residential window cleaning,flossmoor,seed-not-returned,2026-09-20T22:22:55.490Z,Unfairly DataForSEO connector,Seed was submitted but DataForSEO keyword_ideas returned no row.
window washing flossmoor,,,,,informational,residential window cleaning,flossmoor,seed-not-returned,2026-09-20T22:22:55.490Z,Unfairly DataForSEO connector,Seed was submitted but DataForSEO keyword_ideas returned no row.
gutter cleaning flossmoor,,,,,informational,gutter cleaning,flossmoor,seed-not-returned,2026-09-20T22:22:55.490Z,Unfairly DataForSEO connector,Seed was submitted but DataForSEO keyword_ideas returned no row.
window cleaning burr ridge,,,,,informational,residential window cleaning,burr ridge,seed-not-returned,2026-09-20T22:22:55.490Z,Unfairly DataForSEO connector,Seed was submitted but DataForSEO keyword_ideas returned no row.
window washing burr ridge,,,,,informational,residential window cleaning,burr ridge,seed-not-returned,2026-09-20T22:22:55.490Z,Unfairly DataForSEO connector,Seed was submitted but DataForSEO keyword_ideas returned no row.
gutter cleaning burr ridge,,,,,informational,gutter cleaning,burr ridge,seed-not-returned,2026-09-20T22:22:55.490Z,Unfairly DataForSEO connector,Seed was submitted but DataForSEO keyword_ideas returned no row.
window cleaning clarendon hills,,,,,informational,residential window cleaning,clarendon hills,seed-not-returned,2026-09-20T22:22:55.490Z,Unfairly DataForSEO connector,Seed was submitted but DataForSEO keyword_ideas returned no row.
window washing clarendon hills,,,,,informational,residential window cleaning,clarendon hills,seed-not-returned,2026-09-20T22:22:55.490Z,Unfairly DataForSEO connector,Seed was submitted but DataForSEO keyword_ideas returned no row.
gutter cleaning clarendon hills,,,,,informational,gutter cleaning,clarendon hills,seed-not-returned,2026-09-20T22:22:55.490Z,Unfairly DataForSEO connector,Seed was submitted but DataForSEO keyword_ideas returned no row.
commercial window cleaning hinsdale,,,,,commercial,commercial window cleaning,hinsdale,seed-not-returned,2026-09-20T22:22:55.490Z,Unfairly DataForSEO connector,Seed was submitted but DataForSEO keyword_ideas returned no row.
storefront window cleaning hinsdale,,,,,commercial,commercial window cleaning,hinsdale,seed-not-returned,2026-09-20T22:22:55.490Z,Unfairly DataForSEO connector,Seed was submitted but DataForSEO keyword_ideas returned no row.
commercial window cleaning oak lawn,,,,,commercial,commercial window cleaning,oak lawn,seed-not-returned,2026-09-20T22:22:55.490Z,Unfairly DataForSEO connector,Seed was submitted but DataForSEO keyword_ideas returned no row.
storefront window cleaning oak lawn,,,,,commercial,commercial window cleaning,oak lawn,seed-not-returned,2026-09-20T22:22:55.490Z,Unfairly DataForSEO connector,Seed was submitted but DataForSEO keyword_ideas returned no row.
commercial window cleaning oak brook,,,,,commercial,commercial window cleaning,oak brook,seed-not-returned,2026-09-20T22:22:55.490Z,Unfairly DataForSEO connector,Seed was submitted but DataForSEO keyword_ideas returned no row.
storefront window cleaning oak brook,,,,,commercial,commercial window cleaning,oak brook,seed-not-returned,2026-09-20T22:22:55.490Z,Unfairly DataForSEO connector,Seed was submitted but DataForSEO keyword_ideas returned no row.
commercial window cleaning downers grove,,,,,commercial,commercial window cleaning,downers grove,seed-not-returned,2026-09-20T22:22:55.490Z,Unfairly DataForSEO connector,Seed was submitted but DataForSEO keyword_ideas returned no row.
storefront window cleaning downers grove,,,,,commercial,commercial window cleaning,downers grove,seed-not-returned,2026-09-20T22:22:55.490Z,Unfairly DataForSEO connector,Seed was submitted but DataForSEO keyword_ideas returned no row.
commercial window cleaning la grange,,,,,commercial,commercial window cleaning,la grange,seed-not-returned,2026-09-20T22:22:55.490Z,Unfairly DataForSEO connector,Seed was submitted but DataForSEO keyword_ideas returned no row.
storefront window cleaning la grange,,,,,commercial,commercial window cleaning,la grange,seed-not-returned,2026-09-20T22:22:55.490Z,Unfairly DataForSEO connector,Seed was submitted but DataForSEO keyword_ideas returned no row.
commercial window cleaning lagrange,,,,,commercial,commercial window cleaning,lagrange,seed-not-returned,2026-09-20T22:22:55.490Z,Unfairly DataForSEO connector,Seed was submitted but DataForSEO keyword_ideas returned no row.
storefront window cleaning lagrange,,,,,commercial,commercial window cleaning,lagrange,seed-not-returned,2026-09-20T22:22:55.490Z,Unfairly DataForSEO connector,Seed was submitted but DataForSEO keyword_ideas returned no row.
commercial window cleaning hickory hills,,,,,commercial,commercial window cleaning,hickory hills,seed-not-returned,2026-09-20T22:22:55.490Z,Unfairly DataForSEO connector,Seed was submitted but DataForSEO keyword_ideas returned no row.
storefront window cleaning hickory hills,,,,,commercial,commercial window cleaning,hickory hills,seed-not-returned,2026-09-20T22:22:55.490Z,Unfairly DataForSEO connector,Seed was submitted but DataForSEO keyword_ideas returned no row.
commercial window cleaning bridgeview,,,,,commercial,commercial window cleaning,bridgeview,seed-not-returned,2026-09-20T22:22:55.490Z,Unfairly DataForSEO connector,Seed was submitted but DataForSEO keyword_ideas returned no row.
storefront window cleaning bridgeview,,,,,commercial,commercial window cleaning,bridgeview,seed-not-returned,2026-09-20T22:22:55.490Z,Unfairly DataForSEO connector,Seed was submitted but DataForSEO keyword_ideas returned no row.
commercial window cleaning oak forest,,,,,commercial,commercial window cleaning,oak forest,seed-not-returned,2026-09-20T22:22:55.490Z,Unfairly DataForSEO connector,Seed was submitted but DataForSEO keyword_ideas returned no row.
storefront window cleaning oak forest,,,,,commercial,commercial window cleaning,oak forest,seed-not-returned,2026-09-20T22:22:55.490Z,Unfairly DataForSEO connector,Seed was submitted but DataForSEO keyword_ideas returned no row.
commercial window cleaning midlothian,,,,,commercial,commercial window cleaning,midlothian,seed-not-returned,2026-09-20T22:22:55.490Z,Unfairly DataForSEO connector,Seed was submitted but DataForSEO keyword_ideas returned no row.
storefront window cleaning midlothian,,,,,commercial,commercial window cleaning,midlothian,seed-not-returned,2026-09-20T22:22:55.490Z,Unfairly DataForSEO connector,Seed was submitted but DataForSEO keyword_ideas returned no row.
commercial window cleaning flossmoor,,,,,commercial,commercial window cleaning,flossmoor,seed-not-returned,2026-09-20T22:22:55.490Z,Unfairly DataForSEO connector,Seed was submitted but DataForSEO keyword_ideas returned no row.
storefront window cleaning flossmoor,,,,,commercial,commercial window cleaning,flossmoor,seed-not-returned,2026-09-20T22:22:55.490Z,Unfairly DataForSEO connector,Seed was submitted but DataForSEO keyword_ideas returned no row.
commercial window cleaning burr ridge,,,,,commercial,commercial window cleaning,burr ridge,seed-not-returned,2026-09-20T22:22:55.490Z,Unfairly DataForSEO connector,Seed was submitted but DataForSEO keyword_ideas returned no row.
storefront window cleaning burr ridge,,,,,commercial,commercial window cleaning,burr ridge,seed-not-returned,2026-09-20T22:22:55.490Z,Unfairly DataForSEO connector,Seed was submitted but DataForSEO keyword_ideas returned no row.
commercial window cleaning clarendon hills,,,,,commercial,commercial window cleaning,clarendon hills,seed-not-returned,2026-09-20T22:22:55.490Z,Unfairly DataForSEO connector,Seed was submitted but DataForSEO keyword_ideas returned no row.
storefront window cleaning clarendon hills,,,,,commercial,commercial window cleaning,clarendon hills,seed-not-returned,2026-09-20T22:22:55.490Z,Unfairly DataForSEO connector,Seed was submitted but DataForSEO keyword_ideas returned no row.
